ALTER SESSION SET NLS_DATE_FORMAT = 'YYYY-MM-DD';

DELETE FROM REGION;
DELETE FROM COUNTRYPROJECTBRIDGE;
DELETE FROM PROJECTLOANBRIDGE;
DELETE FROM COUNTRY;
DELETE FROM PROJECT;
DELETE FROM LOAN;

INSERT INTO REGION (REGION_ID, REGION_NAME) VALUES (1, 'East Asia and Pacific');
INSERT INTO REGION (REGION_ID, REGION_NAME) VALUES (2, 'Europe and Central Asia');

INSERT INTO COUNTRY (COUNTRY_ID, REGION_ID, COUNTRY_NAME) VALUES (1 , 1      , 'Republic of the Marshall Islands');
INSERT INTO COUNTRY (COUNTRY_ID, REGION_ID, COUNTRY_NAME) VALUES (2 , 1       , 'Federated States of Micronesia');
INSERT INTO COUNTRY (COUNTRY_ID, REGION_ID, COUNTRY_NAME) VALUES (3 , 2     , 'Republic of Moldova');

INSERT INTO PROJECT (PROJECT_ID, PROJECT_NAME, CLOSING_DATE) VALUES (1 , 'Local Development Support Project'                                    ,'1998-12-09');
INSERT INTO PROJECT (PROJECT_ID,  PROJECT_NAME, CLOSING_DATE) VALUES (2 , 'Scaling-Up Water Supply; Sanitation and Hygiene Project'              ,'1999-08-01');
INSERT INTO PROJECT (PROJECT_ID,  PROJECT_NAME, CLOSING_DATE) VALUES (3 , 'Equity with Quality and Learning at Secondary (EQUALS)'               ,'2009-08-19');

INSERT INTO LOAN (LOAN_ID, STATUS, AMOUNT, APPROVAL_DATE) VALUES (1 ,  'act',35000000 ,'1998-12-09');
INSERT INTO LOAN (LOAN_ID, STATUS, AMOUNT, APPROVAL_DATE) VALUES (2 ,  'act',22000000 ,'1999-08-01');
INSERT INTO LOAN (LOAN_ID, STATUS, AMOUNT, APPROVAL_DATE) VALUES (3 ,  'act',125000000,'2009-08-19');

INSERT INTO countryprojectbridge (COUNTRY_ID, PROJECT_ID) VALUES (1, 1);
INSERT INTO countryprojectbridge (COUNTRY_ID, PROJECT_ID) VALUES (2, 2);
INSERT INTO countryprojectbridge (COUNTRY_ID, PROJECT_ID) VALUES (3, 3);

INSERT INTO projectloanbridge (LOAN_ID, PROJECT_ID) VALUES (1, 1);
INSERT INTO projectloanbridge (LOAN_ID, PROJECT_ID) VALUES (2, 2);
INSERT INTO projectloanbridge (LOAN_ID, PROJECT_ID) VALUES (3, 3);